<?xml version="1.0"?>
<doc>
    <assembly>
        <name>CoreOpsStandalone.Application</name>
    </assembly>
    <members>
        <member name="M:CoreOpsStandalone.Application.Services.AutoDispenseAppService.BreakBillAmountAsync(CoreOpsStandalone.Application.Contracts.DTOs.AutoDispenseRequestDto,System.Threading.CancellationToken)">
            <summary>
            Processes a bill-break request by validating input, retrieving partner/terminal info,
            and calculating possible denomination mixes.
            </summary>
            <param name="requestDto">Request details including amount, terminal, and denominations.</param>
            <param name="cancellationToken">Cancellation token for async operations.</param>
            <returns>A response object containing denomination results or failure details.</returns>
        </member>
        <member name="M:CoreOpsStandalone.Application.Services.AutoDispenseAppService.ValidateRequest(CoreOpsStandalone.Application.Contracts.DTOs.AutoDispenseRequestDto)">
            <summary>
            Validates the incoming bill-break request for null checks,
            amount, terminal details, and denominations.
            </summary>
        </member>
        <member name="M:CoreOpsStandalone.Application.Services.AutoDispenseAppService.BreakBillAsync(CoreOpsStandalone.Application.Contracts.DTOs.AutoDispenseRequestDto)">
            <summary>
            Executes bill-break strategies based on the requested mode
            (Mix, Low-first, High-first) and returns the computed results,
            filtering out duplicate denomination combinations.
            </summary>
        </member>
        <member name="M:CoreOpsStandalone.Application.Services.AutoDispenseAppService.AreEqualDenominations(System.Collections.Generic.List{CoreOpsStandalone.Application.Contracts.DTOs.DispenseDenominationDto},System.Collections.Generic.List{CoreOpsStandalone.Application.Contracts.DTOs.DispenseDenominationDto})">
            <summary>
            Compares two lists of denominations to check if they are identical in FaceValue and Count.
            Order and cassette IDs are considered for uniqueness.
            </summary>
        </member>
    </members>
</doc>
